DrawDate,Ball 1,Ball 2,Ball 3,Ball 4,Ball 5,Ball 6,Bonus Ball,Ball Set,Machine,Raffles,DrawNumber
03-Dec-2014,17,35,4,37,19,25,7,3,Arthur,"AQUA59916916,AQUA64577708,AQUA82691383,BLUE01249284,BLUE20970596,BLUE29849926,BLUE33331076,GOLD19005517,GOLD50664119,GOLD91803754,GREY40016767,GREY42814235,GREY63546306,GREY92367136,GREY97202972,GREY97470850,JADE25266135,JADE54443188,JADE71799731,JADE95399740,LIME28804441,LIME40719734,LIME54904021,NAVY24327033,NAVY43038024,NAVY47030404,NAVY48258826,NAVY48387827,NAVY66429630,NAVY75475309,NAVY83049743,NAVY96277139,PINK32955283,PINK54063854,PINK87601985,PINK97357703,PLUM16316981,PLUM49385444,PLUM57836117,PLUM59141789,PLUM85193669,ROSE08726016,ROSE41840202,ROSE69564013,ROSE88606212,RUBY21539540,RUBY91814770,TEAL12202556,TEAL68608998,TEAL92244612",1977
29-Nov-2014,11,42,18,19,6,38,17,6,Arthur,"AQUA40689868,AQUA57644040,AQUA73531206,AQUA79245253,AQUA83762900,AQUA99653692,BLUE13182959,BLUE24158170,BLUE47917969,GOLD01144374,GOLD80096785,GOLD86701009,GREY03971820,GREY40700385,GREY42758624,GREY45132810,GREY61943207,GREY69354509,GREY77019291,JADE22800035,JADE67528847,LIME25954356,LIME48833696,LIME61917059,LIME65775653,NAVY35914940,NAVY67856476,NAVY87563084,PINK08861733,PINK09398881,PINK16972569,PINK17294250,PINK27960622,PINK31999874,PINK43783761,PINK44043272,PINK56036949,PINK79086521,PINK80943804,PINK83992070,PLUM74060062,ROSE00322150,ROSE10237682,ROSE74723266,ROSE79960488,ROSE83278051,RUBY07041928,RUBY97000196,TEAL63564612,TEAL74331076",1976
26-Nov-2014,49,41,30,29,28,26,31,1,Merlin,"AQUA09222066,AQUA11443444,AQUA12583389,AQUA33216732,AQUA41763608,AQUA42641929,AQUA66998472,AQUA72032525,AQUA93395365,BLUE39571492,BLUE45316775,BLUE61366945,BLUE81505474,BLUE98919683,GOLD13415847,GOLD60260117,GOLD79616357,GREY13933856,GREY58484498,GREY66681042,GREY73545264,JADE50407840,JADE55773804,JADE95045821,LIME04002500,LIME07680297,LIME12163542,LIME39117414,LIME41185183,LIME48633883,NAVY21669820,NAVY58423502,PINK71021474,PLUM26946048,PLUM31361610,PLUM46608914,PLUM83727440,PLUM96086520,PLUM97077468,ROSE30463397,ROSE60374788,ROSE85799400,RUBY68178840,RUBY68724956,RUBY72508906,RUBY74065748,TEAL09841508,TEAL18643726,TEAL34305623,TEAL89741112",1975
22-Nov-2014,15,5,29,22,3,2,26,8,Merlin,"AQUA44808001,BLUE04214303,BLUE36744717,GOLD12105518,GOLD83335608,GREY08441911,GREY60626976,JADE14204154,LIME29342743,LIME58921632,PINK03715839,PINK65821189,PINK71384892,PINK82296405,PLUM34764968,PLUM42007002,ROSE35383431,ROSE74058601,ROSE91093581,TEAL38616313;AQUA06816497,AQUA24795387,AQUA54258348,AQUA59385445,AQUA74800476,AQUA90929629,BLUE91454926,GOLD14352469,GOLD52974638,GOLD93861209,GREY22985253,GREY31803871,GREY44860145,GREY49078428,GREY62960515,JADE15673315,JADE16149827,JADE21071150,JADE25040037,JADE86400666,LIME20481314,LIME31332740,LIME64898693,LIME90269754,NAVY51024163,NAVY51637517,PINK41768943,PINK53653463,PINK73863106,PINK76139393,PINK80843032,PLUM19278866,PLUM94279483,ROSE46411055,ROSE48475236,ROSE85073875,ROSE95887084,RUBY15458905,RUBY17270448,RUBY19449314,RUBY38792609,RUBY39209334,RUBY67533335,RUBY81600320,TEAL53014479,TEAL53159179,TEAL83258169,TEAL92052347,TEAL97184692,TEAL97698172",1974
19-Nov-2014,2,39,36,35,15,38,4,5,Merlin,"AQUA46513333,AQUA48131811,AQUA49168705,AQUA53764344,AQUA75015980,AQUA89775208,BLUE10712177,BLUE14546499,BLUE28563181,BLUE34873024,GOLD00004319,GOLD03881304,GOLD08506299,GOLD08537440,GOLD11343378,GOLD21301041,GOLD22935879,GOLD25338753,GOLD32644623,GOLD35502558,GOLD45896980,GOLD59342123,GOLD62722441,GOLD90577928,GOLD96456047,GOLD99368609,GREY01249785,GREY02139959,GREY05031334,GREY09595836,GREY47397231,GREY54353927,GREY55977622,GREY59321792,GREY67820420,GREY68089611,GREY81878233,GREY97475369,JADE17887303,JADE51562238,JADE84919218,JADE86359467,JADE89099562,LIME09111247,LIME16562052,LIME31135257,LIME57500420,LIME75037173,LIME85691317,NAVY05208312,NAVY27538548,NAVY27673988,NAVY60043602,NAVY76596962,NAVY96666098,PINK07068397,PINK43216925,PINK44617852,PINK57047164,PINK72557019,PINK94019023,PLUM01748075,PLUM12208909,PLUM12946493,PLUM25019819,PLUM28352184,PLUM38673892,PLUM44487113,PLUM45025963,PLUM53356195,PLUM57234835,PLUM57313782,PLUM74132630,PLUM93926466,ROSE10422142,ROSE11292340,ROSE23544741,ROSE24886197,ROSE49980502,ROSE60961884,ROSE79604566,ROSE89182122,RUBY00357484,RUBY02843163,RUBY05842605,RUBY13015577,RUBY17153469,RUBY20327457,RUBY24954144,RUBY40267847,RUBY44409134,RUBY94690867,TEAL00282091,TEAL35619676,TEAL48600179,TEAL59985045,TEAL80138799,TEAL88694673,TEAL93445116,TEAL99716203",1973
15-Nov-2014,42,30,26,28,5,44,40,6,Arthur,"AQUA01582342,AQUA75016606,AQUA85351016,AQUA93828660,BLUE00795302,BLUE26943054,BLUE52733861,BLUE95958361,GOLD09081046,GOLD27530946,GOLD54132696,GOLD96332630,GREY07621777,GREY12451758,GREY19879169,GREY40296057,GREY51760830,GREY64845335,GREY85475296,JADE22207752,JADE95767401,LIME08567025,LIME19453990,LIME27285542,LIME29101647,LIME68906529,LIME73805592,LIME89659004,NAVY22117022,NAVY54902630,NAVY61192427,PINK17908430,PINK99852924,PLUM02870626,PLUM04458192,PLUM25446727,PLUM27872990,PLUM58347204,PLUM66050011,PLUM85682721,ROSE28597185,ROSE49764054,ROSE57721596,ROSE78430989,ROSE87555512,RUBY48781667,RUBY51139742,TEAL05842462,TEAL31410915,TEAL44144883",1972
12-Nov-2014,9,5,44,41,13,10,39,7,Merlin,"AQUA58765737,AQUA82843869,AQUA87516671,AQUA94348158,BLUE18963828,BLUE65533536,BLUE69519523,BLUE73293529,BLUE80352367,GREY46187470,GREY52949975,GREY62177918,GREY66199509,GREY78555126,JADE21352381,JADE60996262,JADE64453026,JADE73451901,JADE94426531,LIME06891574,LIME15185078,LIME51283537,LIME54953701,NAVY20337600,NAVY61292750,PINK40384820,PINK57561058,PINK57804260,PINK70434277,PINK78204444,PINK85001407,PINK91061796,PINK91317693,PLUM11065743,PLUM16637093,PLUM19871935,PLUM37044170,PLUM73991884,ROSE07499347,ROSE07650937,ROSE17635919,ROSE46385411,ROSE62762587,ROSE63348829,ROSE93783740,RUBY36720487,RUBY51257648,RUBY99741841,TEAL42254783,TEAL60387044",1971
08-Nov-2014,7,22,27,42,6,35,1,5,Guinevere,"AQUA40300003,BLUE11681643,BLUE56506762,BLUE63256429,BLUE70340772,GOLD13292349,GOLD32392461,GOLD63960637,GOLD66269754,GOLD89954571,GOLD98771365,GREY00120049,GREY07410899,GREY10917822,GREY40014013,GREY54279612,GREY61862223,GREY71395666,GREY73468797,GREY99705247,JADE05177291,JADE45233439,JADE47355767,JADE51209186,JADE54218895,JADE57094066,JADE57673300,LIME01406848,LIME35641739,LIME67502111,LIME72148497,LIME72766278,LIME80332993,NAVY09623966,NAVY31006365,NAVY85580051,NAVY97111066,PINK15109713,PINK40171129,PLUM55506154,PLUM58468725,ROSE26531550,ROSE43934301,ROSE80219744,RUBY22232804,RUBY71803785,RUBY74896960,TEAL06485624,TEAL22258783,TEAL28243135",1970
05-Nov-2014,21,25,34,5,36,2,28,8,Guinevere,"AQUA01652996,AQUA31557254,AQUA60986376,AQUA67031119,AQUA87465277,BLUE13888216,BLUE54975662,BLUE55170367,BLUE78360180,BLUE78402250,BLUE86232599,GOLD01876409,GOLD05489724,GOLD46534083,GOLD51756977,GOLD59054092,GOLD82235108,GOLD94927862,GREY04402641,GREY08700791,GREY15461702,GREY32345770,GREY59431774,GREY82835530,GREY90550243,JADE14281727,JADE34807265,JADE37944891,JADE47757793,LIME68860562,LIME88915196,NAVY11081518,NAVY36173835,NAVY37518595,NAVY69462996,PINK37450730,PINK46361632,PLUM96687255,ROSE06755099,ROSE30087784,ROSE39302523,ROSE73897024,RUBY23519154,RUBY42505703,RUBY67709722,TEAL70990950,TEAL75580171,TEAL76615066,TEAL80716255,TEAL93864243",1969
01-Nov-2014,35,3,9,47,28,5,14,7,Lancelot,"AQUA09219314,AQUA17693571,AQUA21936065,AQUA51459751,AQUA52344004,AQUA52999222,AQUA54865780,AQUA76258648,AQUA76571124,AQUA77228177,AQUA78917335,AQUA80573419,AQUA98146233,BLUE06472838,BLUE09942977,BLUE15259237,BLUE17533719,BLUE17757227,BLUE34802422,BLUE43981845,BLUE47725237,BLUE49574380,BLUE59281232,BLUE63831968,BLUE63980499,BLUE64002073,BLUE73442868,BLUE96574644,BLUE97028987,GOLD01121635,GOLD05237095,GOLD13984520,GOLD17274600,GOLD33989138,GOLD35959641,GOLD40890591,GOLD49981931,GOLD52868393,GOLD61478436,GOLD63299036,GOLD66998063,GOLD92271470,GOLD93342758,GOLD95477738,GOLD95985141,GREY23229625,GREY26637317,GREY27217612,GREY35431978,GREY35671768,GREY37736831,GREY43015639,GREY74665789,GREY81192523,GREY89766572,GREY95454723,GREY97700297,JADE15707130,JADE19971349,JADE28303313,JADE39551896,JADE41413445,JADE42303743,JADE47779486,JADE63375557,JADE67282487,JADE67812387,JADE69105257,JADE80455761,JADE85697054,JADE95347478,LIME03181293,LIME06905336,LIME10195366,LIME19976776,LIME21960491,LIME24004664,LIME34251237,LIME34461566,LIME40438717,LIME74833755,LIME83220282,LIME90080346,LIME92034168,LIME93761992,LIME96465726,LIME96659920,NAVY01435544,NAVY03975055,NAVY04181445,NAVY05059262,NAVY07876686,NAVY21451443,NAVY25302561,NAVY38074833,NAVY45768445,NAVY49014816,NAVY55159902,NAVY74598501,NAVY81598991,NAVY91209610,PINK03459982,PINK06788420,PINK10784046,PINK21716181,PINK23084585,PINK33216456,PINK33779761,PINK35721071,PINK38538660,PINK39750496,PINK44914746,PINK50052249,PINK60434081,PINK61515679,PINK76931916,PINK96139255,PLUM09150512,PLUM18155778,PLUM20955683,PLUM23921227,PLUM25030699,PLUM27457622,PLUM33911276,PLUM34216445,PLUM48399936,PLUM56204673,PLUM67041814,PLUM75738594,PLUM79751046,PLUM79888633,ROSE07092127,ROSE16323888,ROSE24025891,ROSE25296312,ROSE26441609,ROSE26558009,ROSE26854395,ROSE37220720,ROSE43815481,ROSE45300223,ROSE49504354,ROSE72817902,ROSE76313789,ROSE82044755,ROSE86714160,ROSE88126553,ROSE91578416,ROSE94470169,RUBY01167031,RUBY05776456,RUBY06952532,RUBY13021741,RUBY15667760,RUBY18025612,RUBY19438934,RUBY21818071,RUBY27686991,RUBY29080064,RUBY31907488,RUBY33611412,RUBY34281292,RUBY36759164,RUBY39268803,RUBY46924003,RUBY52738590,RUBY65131871,RUBY81460945,RUBY85691466,RUBY86980769,RUBY95270753,RUBY96207311,RUBY96510851,RUBY99685053,TEAL04278884,TEAL13940200,TEAL14861985,TEAL16862246,TEAL19028192,TEAL20455623,TEAL23105100,TEAL23809517,TEAL27486563,TEAL29644357,TEAL32608716,TEAL39435409,TEAL40942341,TEAL43767229,TEAL44856430,TEAL52231301,TEAL60144187,TEAL63302491,TEAL71236658,TEAL71864926,TEAL77093208,TEAL77141725,TEAL82090405,TEAL90816041,TEAL99549727,TEAL99693527",1968
29-Oct-2014,31,14,13,17,25,49,18,8,Guinevere,"AQUA06426995,AQUA27024662,AQUA34635951,AQUA40395217,AQUA57741743,AQUA60114602,AQUA60739611,AQUA62466017,AQUA66105205,AQUA70195739,AQUA95427454,BLUE01480336,BLUE03536485,BLUE14085688,BLUE20425485,BLUE21965941,BLUE22340957,BLUE25746810,BLUE46729514,BLUE46824050,BLUE53607778,BLUE60313619,BLUE83608130,BLUE86198594,GOLD08236041,GOLD14099760,GOLD44834385,GOLD45628324,GOLD45665956,GOLD51431591,GOLD63655666,GOLD63880420,GOLD72078781,GOLD86325158,GOLD93498224,GREY17236561,GREY37609268,GREY51960688,GREY66692016,GREY72804591,GREY80934756,GREY97906050,GREY98740479,GREY99945707,JADE00705278,JADE12059037,JADE20269773,JADE20980850,JADE26166587,JADE56457587,JADE64345908,JADE75093335,LIME00099233,LIME02238489,LIME12653538,LIME18836548,LIME19013004,LIME20964471,LIME32387342,LIME40334237,LIME41897275,LIME55834333,LIME59526905,LIME66520472,LIME74710309,LIME77588399,LIME80598536,NAVY09646820,NAVY28611649,NAVY36652438,NAVY44517683,NAVY49326471,NAVY49999454,NAVY50219191,NAVY52857864,NAVY64193593,NAVY76417245,NAVY76994890,NAVY85729957,NAVY89193914,NAVY91139073,NAVY94598833,PINK16388984,PINK17551007,PINK20312826,PINK33211285,PINK71517470,PINK93410864,PINK97016531,PINK98346870,PLUM12369448,PLUM12877918,PLUM16615591,PLUM18460425,PLUM20915800,PLUM30760497,PLUM42332981,PLUM46226214,PLUM51241381,PLUM79725179,PLUM80064406,PLUM80073338,PLUM83592408,ROSE01799569,ROSE02344412,ROSE08087955,ROSE10462462,ROSE11902794,ROSE19421983,ROSE20396409,ROSE20669636,ROSE23428274,ROSE24528134,ROSE25903255,ROSE27902018,ROSE32545693,ROSE34581056,ROSE41479042,ROSE44178421,ROSE47239349,ROSE48758366,ROSE49357074,ROSE58290416,ROSE74528138,ROSE79986015,ROSE85561487,ROSE86648657,ROSE92119445,ROSE97588506,RUBY03951407,RUBY06100051,RUBY19430480,RUBY32922226,RUBY33249355,RUBY40815527,RUBY43771140,RUBY46025720,RUBY46477520,RUBY71977034,RUBY73460180,RUBY89490681,TEAL06813858,TEAL09469051,TEAL35569152,TEAL40237160,TEAL43378233,TEAL46736227,TEAL72240268,TEAL78609753,TEAL83265512",1967
25-Oct-2014,43,15,11,17,49,30,3,5,Lancelot,"AQUA07025208,AQUA20331497,AQUA34302009,AQUA65884703,AQUA80659290,AQUA81219925,AQUA84471277,AQUA91102767,AQUA96590891,BLUE13694539,BLUE15798493,BLUE40342115,BLUE68478959,BLUE77575092,BLUE94158853,GOLD42984491,GOLD55948961,GOLD66011515,GREY13957023,GREY23102486,GREY67860533,GREY85014168,GREY91317056,GREY92645005,GREY99080538,JADE15786594,JADE16342465,JADE18448896,JADE20975238,JADE23716504,JADE24528383,JADE39983229,JADE55547962,JADE62563714,JADE64178646,JADE74027471,JADE85316869,LIME20290869,LIME22414040,LIME39911262,LIME41870990,LIME62286518,LIME80909548,LIME90823765,NAVY11934819,NAVY34688653,NAVY38332581,NAVY59947791,NAVY71640089,NAVY75753399,NAVY78893363,PINK38670105,PINK49643130,PINK66168103,PINK79555539,PINK81862154,PINK85298364,PINK86673502,PINK88814950,PINK90277879,PINK93031803,PLUM05378987,PLUM12871974,PLUM16578586,PLUM40787683,PLUM52012788,PLUM55954537,PLUM66782337,PLUM71979517,PLUM78256557,PLUM97577134,ROSE04786189,ROSE08113505,ROSE19430994,ROSE27107354,ROSE31751488,ROSE42238349,ROSE42962723,ROSE43185449,ROSE45312652,ROSE49355492,ROSE53906436,ROSE68143277,ROSE77923839,ROSE84703704,ROSE87608071,RUBY23486278,RUBY42905231,RUBY70245576,RUBY81499626,RUBY84487572,RUBY86025502,RUBY95853150,TEAL23146124,TEAL25049217,TEAL36161320,TEAL42862805,TEAL78395836,TEAL84345649,TEAL99795948",1966
22-Oct-2014,42,5,28,24,36,47,8,6,Guinevere,"AQUA01247263,AQUA14299733,AQUA36806405,AQUA67576005,BLUE19147641,BLUE22253388,BLUE77236849,BLUE78375969,GOLD28488481,GOLD33944453,GOLD51278270,GOLD61872118,GREY08344560,GREY11336491,GREY66271446,GREY95450348,GREY99907947,JADE03335889,JADE04624506,JADE14148355,JADE19907106,JADE34255854,JADE71396485,JADE84083546,JADE87451950,JADE94648749,JADE99433035,LIME11924247,LIME51501648,NAVY44592704,NAVY48157669,PINK05420340,PINK48951594,PINK67881314,PLUM20821170,PLUM24158250,PLUM24558201,PLUM74139132,PLUM89013924,ROSE47690056,ROSE56463391,ROSE93587244,RUBY55454404,RUBY77670140,RUBY79898523,TEAL20788517,TEAL27664613,TEAL57465204,TEAL57484338,TEAL93891806",1965
18-Oct-2014,30,47,40,22,1,33,42,8,Guinevere,"AQUA19081164,AQUA21846230,AQUA47791332,AQUA59559889,AQUA82712693,BLUE23269321,BLUE48499961,GOLD25209171,GOLD32294760,GOLD51786694,GOLD70370287,GOLD75811128,GOLD85608512,GOLD99009297,GREY37122588,GREY59989166,GREY61416325,GREY84624202,JADE04628700,JADE61488354,JADE76373118,JADE99129927,LIME19905767,LIME35829327,LIME41084137,PINK08054038,PINK20233013,PINK31157095,PINK40625953,PINK41138123,PINK93508159,PLUM33036950,PLUM54430676,PLUM68018064,PLUM69845956,ROSE19292469,ROSE42710751,ROSE55554286,ROSE65502301,ROSE66989207,ROSE90109087,RUBY17247447,RUBY32174467,RUBY42063860,RUBY74807116,RUBY80230556,TEAL21983796,TEAL32538253,TEAL40425350,TEAL94298181",1964
15-Oct-2014,19,43,24,6,26,42,23,6,Lancelot,"AQUA02972622,AQUA18952804,AQUA77793835,BLUE27563514,BLUE68338339,BLUE97068541,GOLD02430817,GOLD10940507,GOLD18069727,GOLD47333956,GREY23421600,GREY32354460,GREY54719557,GREY56992480,GREY75269681,GREY75291562,GREY85747342,GREY87719583,JADE01675050,JADE30049458,JADE41496771,JADE80419232,LIME01548643,LIME23148903,LIME24118072,LIME75800583,LIME85112307,NAVY11020555,NAVY62412685,NAVY87221101,NAVY87727497,PINK15237699,PINK16674455,PINK57558122,PINK93806115,PLUM01539037,PLUM18514215,PLUM34257066,PLUM60719193,ROSE03945116,ROSE25579032,ROSE50795810,ROSE76805732,ROSE84336397,ROSE94411585,ROSE98150575,RUBY88978697,RUBY92828503,TEAL29436254,TEAL74732160",1963
11-Oct-2014,26,2,32,23,8,5,18,7,Lancelot,"AQUA09923392,AQUA27299225,AQUA38467929,AQUA63935661,AQUA76153521,AQUA85540885,BLUE05716097,BLUE18593738,BLUE22513410,BLUE42557396,BLUE93336248,GOLD27893338,GOLD33631275,GOLD96355290,GOLD96555100,GOLD99193942,GREY20849630,GREY22876033,GREY41156904,JADE12980192,JADE20797133,JADE42419392,JADE51473685,JADE69828689,JADE86168788,JADE89611019,LIME35477318,LIME81871493,LIME82946856,NAVY00831686,NAVY20237744,NAVY43976235,NAVY52772363,NAVY88860430,PINK64919066,PINK93082429,PLUM46649606,PLUM47369191,PLUM48687960,PLUM68887775,ROSE06593080,ROSE10807405,ROSE29965838,ROSE54549625,ROSE77951245,ROSE91770141,RUBY59779877,RUBY90848084,TEAL03565349,TEAL53466986",1962
08-Oct-2014,28,34,27,4,43,29,20,7,Lancelot,"AQUA35130297,AQUA35634739,AQUA37972677,AQUA54379147,AQUA57940449,AQUA65577967,AQUA78235298,BLUE03262058,BLUE20784689,BLUE30694456,BLUE80746963,GOLD03032349,GOLD29175448,GOLD49399676,GOLD77108877,GOLD79626384,GREY37138624,GREY42137279,GREY51299370,JADE09340253,JADE45017032,JADE54422725,JADE96525544,LIME02558268,LIME46336214,LIME48768426,LIME64552968,LIME72112974,LIME74725143,LIME79909430,NAVY05614703,NAVY45065280,NAVY60208441,PINK67274062,PINK73849336,PLUM16959997,PLUM20093246,PLUM39991631,PLUM41206569,PLUM42667396,PLUM88667517,ROSE29020055,ROSE30670305,ROSE39161203,ROSE48724165,RUBY10073902,RUBY15016104,RUBY65280997,TEAL04138416,TEAL14988254",1961
04-Oct-2014,24,34,4,18,36,48,10,5,Lancelot,"AQUA37322808,BLUE08523115,BLUE08668361,BLUE12765004,BLUE45074185,BLUE99017047,GOLD03148861,GOLD05686354,GOLD21956473,GOLD41801938,GOLD54545928,GOLD73007389,GOLD74745663,GOLD81094357,GOLD82240596,GREY43222859,GREY76679619,GREY84234077,JADE40251152,JADE50461511,JADE96143847,LIME02252304,LIME34293584,LIME80204541,LIME96170183,NAVY28211389,NAVY62983907,NAVY66875778,PINK27844529,PINK61575341,PLUM51580624,PLUM57726119,PLUM76370071,PLUM78404550,PLUM87422593,ROSE09858475,ROSE14227365,ROSE39247514,ROSE40536300,ROSE90051309,RUBY08003121,RUBY19201815,RUBY25490413,RUBY35854538,RUBY76118672,TEAL12847618,TEAL58748725,TEAL75675278,TEAL80424082,TEAL95934602",1960
01-Oct-2014,5,4,47,1,18,7,6,6,Guinevere,"AQUA44228560,AQUA68339030,AQUA69273155,AQUA80540911,AQUA89351982,BLUE23280207,BLUE31299669,GOLD27669865,GOLD48949465,GREY11164743,GREY19759011,GREY22789720,GREY42390614,GREY59962637,GREY61116884,GREY73521120,GREY90291063,JADE56799273,JADE97904478,LIME08009378,LIME14115402,LIME25611357,LIME26420863,LIME28925527,LIME40054073,LIME98757506,NAVY05611805,NAVY06006711,NAVY17089227,NAVY87532299,NAVY93574746,PINK39321260,PINK54214369,PINK83329738,PLUM11319491,PLUM25653853,PLUM55122572,PLUM57360563,PLUM65498282,PLUM67977420,ROSE49050820,RUBY09472727,RUBY36638621,RUBY53580050,RUBY74054876,RUBY88354222,TEAL07445755,TEAL48402896,TEAL61338435,TEAL97210080",1959
27-Sep-2014,46,20,3,19,1,7,15,8,Lancelot,"AQUA02643183,AQUA08910936,AQUA16046524,AQUA18452905,AQUA30702230,AQUA40081722,AQUA42254655,AQUA48604290,AQUA75927429,AQUA84161779,AQUA85744102,BLUE43550231,GOLD23834086,GOLD25402268,GOLD39058651,GOLD55982847,GOLD56456488,GOLD76540932,GOLD90034576,GOLD94267485,GREY29601278,GREY36110793,GREY53742550,GREY64885304,GREY74361160,GREY79805615,GREY90458802,GREY91952127,GREY95076764,GREY96729752,JADE04477770,JADE10965503,JADE23925777,JADE27589106,JADE55535811,JADE55625091,JADE55865607,JADE65228305,JADE69483544,JADE84870918,JADE84893636,JADE85084967,JADE99956055,LIME09857129,LIME21451500,LIME43970761,LIME50211017,LIME66082954,LIME72992681,LIME76989222,LIME80748093,LIME87275355,NAVY09415513,NAVY40072136,NAVY56487969,NAVY58818640,NAVY60509490,NAVY61348694,NAVY93556207,NAVY96310480,PINK17974433,PINK39595640,PINK56621709,PINK61763672,PINK77968199,PINK89138199,PLUM08290765,PLUM54953791,PLUM64899906,PLUM73907512,PLUM80228252,PLUM84128231,PLUM85792546,ROSE00291127,ROSE12686156,ROSE16801258,ROSE35427153,ROSE36757966,ROSE40947074,ROSE47706091,ROSE81518521,RUBY08640441,RUBY22955538,RUBY24303147,RUBY32801969,RUBY36165102,RUBY38683525,RUBY58260988,RUBY60015415,RUBY97776600,RUBY98918254,TEAL08050958,TEAL22068859,TEAL23890828,TEAL28963874,TEAL52512721,TEAL70819067,TEAL79952055,TEAL93894643,TEAL96713593",1958
24-Sep-2014,33,48,29,38,8,4,15,7,Lancelot,"AQUA03458530,AQUA18564498,AQUA22968945,AQUA54037140,BLUE55881976,BLUE68291513,BLUE70963098,GOLD07356781,GOLD09526861,GOLD21431338,GOLD34125411,GOLD34560638,GOLD53537621,GOLD58047130,GOLD73467419,GOLD80671058,GOLD82890365,GREY22848069,GREY51045469,GREY56518397,GREY72260767,GREY89667877,JADE51820778,JADE62204499,JADE73111235,JADE89177961,LIME09998086,LIME35431089,LIME57433380,LIME70120543,LIME89451801,NAVY08969774,NAVY15153685,NAVY68449298,NAVY74373885,PINK16169380,PINK35253806,PLUM70473681,PLUM78288612,ROSE34518710,ROSE47744998,ROSE52406121,ROSE64944336,RUBY50830366,RUBY77381787,RUBY99802938,TEAL02226790,TEAL10992564,TEAL50393411,TEAL62165240",1957
20-Sep-2014,22,6,26,2,33,48,43,5,Lancelot,"AQUA09814096,AQUA68056512,BLUE17517123,BLUE35917154,BLUE46038417,BLUE50107657,BLUE59828961,BLUE70174923,BLUE96695964,GOLD07529460,GOLD08333744,GOLD10096634,GOLD48716246,GOLD50922185,GOLD90107813,GOLD90808417,GREY09705637,GREY14969195,GREY18590588,GREY21064594,GREY23769492,GREY26105383,JADE48011180,NAVY38735368,NAVY39431152,NAVY72646883,NAVY76289942,NAVY87945798,NAVY91372293,NAVY92164679,PINK13086819,PINK19747706,PINK80761048,PLUM00769202,ROSE52790438,ROSE62181676,ROSE65145733,ROSE73848509,ROSE82219284,ROSE84910814,RUBY08427791,RUBY11836138,RUBY23617180,RUBY42424906,RUBY67682784,TEAL11248414,TEAL12810491,TEAL41069269,TEAL48161664,TEAL74250185",1956
17-Sep-2014,34,9,41,19,46,22,6,2,Guinevere,"AQUA08901210,AQUA09260499,AQUA24264007,AQUA25652270,AQUA26201620,AQUA29346523,AQUA30471361,AQUA33599817,AQUA39150191,AQUA39722251,AQUA47725282,AQUA57835764,AQUA58337457,AQUA59800396,AQUA62517921,AQUA63164287,AQUA63471760,AQUA65576868,AQUA71945580,AQUA86034986,AQUA86251503,AQUA92007870,AQUA95739660,AQUA97177139,BLUE06959043,BLUE09913742,BLUE18036149,BLUE19216590,BLUE19393885,BLUE25982099,BLUE42106066,BLUE46486024,BLUE49407775,BLUE50418175,BLUE54966743,BLUE59910861,BLUE64688050,BLUE69615384,BLUE80713901,BLUE85364956,BLUE86595732,BLUE94578132,BLUE94989435,BLUE95843146,BLUE96931497,GOLD06030247,GOLD11529743,GOLD14055421,GOLD22567186,GOLD27273482,GOLD46109997,GOLD51504316,GOLD52538129,GOLD56398309,GOLD57049843,GOLD63082682,GOLD68290715,GOLD85827961,GOLD91605240,GOLD92960039,GOLD93010271,GOLD94412197,GOLD99011335,GREY02058633,GREY04872001,GREY10284845,GREY11769118,GREY12558723,GREY16838575,GREY23755873,GREY27162003,GREY27836313,GREY28026588,GREY31973904,GREY33242254,GREY35153021,GREY38620348,GREY39045279,GREY63545069,GREY67859499,GREY68255457,GREY74580292,GREY77053702,GREY82780001,GREY90057468,GREY93075143,GREY93758523,GREY95213725,GREY97320933,GREY98848304,JADE03550155,JADE06653656,JADE07008230,JADE17940063,JADE24141748,JADE29598260,JADE39644959,JADE39736952,JADE40419665,JADE41925388,JADE44904258,JADE51433004,JADE53274285,JADE56126908,JADE58852666,JADE59537459,JADE66697051,JADE67502999,JADE78082264,JADE85741585,JADE90813696,JADE92787770,JADE95094715,JADE97444639,JADE97943156,LIME13556895,LIME14957629,LIME17087698,LIME22028175,LIME22837042,LIME26612437,LIME49247880,LIME56788509,LIME64674320,LIME69069615,LIME74737443,LIME80483295,LIME82985034,LIME86331264,LIME93954503,LIME98415939,NAVY03713010,NAVY07267909,NAVY10594752,NAVY16359304,NAVY31952738,NAVY32913458,NAVY35683035,NAVY37428444,NAVY47687930,NAVY47771649,NAVY48724829,NAVY51862352,NAVY53381905,NAVY57960771,NAVY61962081,NAVY62537276,NAVY64602535,NAVY67111663,NAVY69981922,NAVY72835209,NAVY77964531,NAVY79485013,NAVY85656540,PINK04495502,PINK06177056,PINK09992191,PINK12452997,PINK19280888,PINK19384733,PINK26283569,PINK43018091,PINK55610728,PINK59278769,PINK65169897,PINK69126269,PINK78966382,PINK87673224,PINK91584983,PINK94155770,PINK94883276,PINK96229411,PINK99350160,PLUM09503653,PLUM16250561,PLUM18310117,PLUM25794393,PLUM41850457,PLUM45369102,PLUM52096152,PLUM54959820,PLUM60398122,PLUM66044086,PLUM67635009,PLUM67840747,PLUM68279138,PLUM73599019,PLUM78543878,PLUM82275933,PLUM82419846,PLUM82964549,PLUM87640489,PLUM98343768,ROSE01710541,ROSE05325216,ROSE06610823,ROSE17129349,ROSE22981181,ROSE23237228,ROSE24045917,ROSE31791790,ROSE31945292,ROSE36820500,ROSE37734504,ROSE46468733,ROSE47947993,ROSE50162986,ROSE61630854,ROSE66597708,ROSE67026499,ROSE73044228,ROSE83134366,ROSE89890174,ROSE90875550,ROSE94100869,RUBY09498054,RUBY19311912,RUBY23169394,RUBY28385592,RUBY28974563,RUBY41464389,RUBY51312273,RUBY53116692,RUBY71285390,RUBY77060684,RUBY77983521,RUBY78797951,RUBY79475664,RUBY82617722,RUBY89711104,RUBY93995019,RUBY99720324,TEAL03383361,TEAL04358280,TEAL13428978,TEAL14383154,TEAL15661604,TEAL16583928,TEAL17145570,TEAL36021323,TEAL37157967,TEAL40635075,TEAL43067004,TEAL52172949,TEAL56879566,TEAL58310258,TEAL58878635,TEAL60546741,TEAL82883770,TEAL86865795",1955
13-Sep-2014,30,29,12,15,35,22,44,1,Lancelot,"AQUA14449356,AQUA17485877,AQUA21050713,AQUA23412989,AQUA26668010,AQUA45651575,AQUA46805644,AQUA55028457,AQUA59095821,AQUA66323005,AQUA73743245,AQUA77412444,AQUA77840462,AQUA78034572,AQUA82742374,AQUA85995731,AQUA95357219,AQUA96119752,BLUE06918450,BLUE11239771,BLUE11862821,BLUE13231989,BLUE15458966,BLUE16489518,BLUE24485964,BLUE38909793,BLUE42628632,BLUE43173663,BLUE52051759,BLUE54411592,BLUE55222155,BLUE60697221,BLUE63057541,BLUE77212967,BLUE78399117,BLUE80956752,BLUE81904352,BLUE96865025,GOLD09900205,GOLD12767922,GOLD13539669,GOLD20926085,GOLD30224114,GOLD30536089,GOLD37811976,GOLD48175977,GOLD56701620,GOLD66591586,GOLD70812959,GOLD77723929,GOLD81625154,GREY02916465,GREY04793619,GREY18681030,GREY22982864,GREY23346639,GREY26074561,GREY33749129,GREY44509229,GREY54677890,GREY55217449,GREY60450286,GREY69459441,GREY74475415,GREY74544302,GREY84126299,GREY98514753,GREY98569039,GREY98928648,JADE06240624,JADE09263240,JADE15766163,JADE19138462,JADE25248680,JADE38200010,JADE43465088,JADE43614969,JADE44965523,JADE55675143,JADE57238921,JADE63678165,JADE66940842,JADE68238125,JADE70100188,JADE72130944,JADE76389524,JADE77048734,JADE81052338,JADE90900226,JADE92838836,JADE95132483,LIME02480584,LIME04321464,LIME10302993,LIME10748665,LIME16843706,LIME23405296,LIME44522207,LIME50904290,LIME51806966,LIME55438048,LIME55546200,LIME69568091,LIME85697241,LIME88132866,LIME89373603,NAVY10815146,NAVY21964521,NAVY22243867,NAVY23883780,NAVY28254962,NAVY47906500,NAVY64954919,NAVY66779966,NAVY68901316,NAVY69586704,NAVY72953637,NAVY73030007,NAVY81867493,NAVY86248674,NAVY88627036,NAVY89983108,NAVY97109746,PINK11132787,PINK14392401,PINK14856235,PINK21489133,PINK29750862,PINK49764176,PINK53256814,PINK53771241,PINK55875256,PINK57514291,PINK59099635,PINK63652353,PINK67127820,PINK84325976,PINK87249304,PINK89855790,PLUM10299955,PLUM13092591,PLUM16138250,PLUM17339607,PLUM17728715,PLUM34698223,PLUM38999809,PLUM42527644,PLUM48014426,PLUM49664089,PLUM52982417,PLUM61034998,PLUM66027615,PLUM77550865,PLUM81795171,PLUM86796289,ROSE06446398,ROSE09013396,ROSE12735009,ROSE13904207,ROSE14530503,ROSE43929452,ROSE52500244,ROSE83366291,ROSE87010894,ROSE87785826,ROSE89908661,ROSE93869090,ROSE95058680,RUBY15133360,RUBY19265965,RUBY19352943,RUBY24243259,RUBY24477932,RUBY34632579,RUBY41934478,RUBY51114142,RUBY58479570,RUBY60949570,RUBY63712814,RUBY78367250,RUBY81833570,RUBY84934626,RUBY97128302,RUBY97585712,TEAL03985508,TEAL10114105,TEAL11141537,TEAL19973790,TEAL26086928,TEAL26820404,TEAL30714726,TEAL44394091,TEAL48835158,TEAL68044688,TEAL70282797,TEAL75448085,TEAL81346007,TEAL84696618,TEAL88953728,TEAL89177936",1954
10-Sep-2014,24,31,13,16,18,43,2,3,Lancelot,"AQUA13506805,AQUA24843413,AQUA25257685,AQUA26977664,AQUA30922193,AQUA41795473,AQUA48672571,AQUA53112553,AQUA61470680,AQUA78553195,AQUA83435200,BLUE36054160,BLUE36495684,BLUE41665364,BLUE53046510,BLUE54523548,BLUE77206061,BLUE79076262,BLUE88061973,BLUE89759126,BLUE90828256,BLUE92737742,BLUE95247776,GOLD00949020,GOLD10006149,GOLD17564831,GOLD18075012,GOLD34556992,GOLD44422903,GOLD49707184,GOLD52251655,GOLD53359135,GOLD59003626,GOLD65837859,GOLD84631117,GOLD92693662,GOLD92943729,GREY12948527,GREY18757891,GREY22799286,GREY26795922,GREY32171366,GREY45143807,GREY56877403,GREY60163646,JADE15008249,JADE31679060,JADE36984631,JADE41802328,JADE42186781,JADE44707391,JADE69254362,JADE74282651,JADE78249345,JADE88100514,LIME03666447,LIME12090585,LIME13348571,LIME15809207,LIME16506567,LIME16951047,LIME24059270,LIME43823784,LIME51396603,LIME61608553,LIME64094422,LIME65690923,LIME72054612,LIME85665895,LIME96024153,LIME98988435,LIME99927713,NAVY06982331,NAVY11713464,NAVY33278366,NAVY69961561,NAVY75025305,NAVY83788561,NAVY94033063,PINK06159816,PINK13465339,PINK15552113,PINK16730403,PINK29675906,PINK40193518,PINK46836578,PINK53473320,PINK64078625,PINK64488813,PINK64786539,PINK68961229,PINK77239819,PINK88778487,PINK89503814,PINK90117077,PINK90890962,PINK91995566,PLUM01834871,PLUM19589656,PLUM22873952,PLUM24644354,PLUM28089529,PLUM30234644,PLUM33980675,PLUM34064993,PLUM36268114,PLUM57063520,PLUM62340071,PLUM66822826,PLUM71220199,PLUM76750666,PLUM84196526,PLUM95942533,ROSE00543978,ROSE05841915,ROSE12501345,ROSE24004647,ROSE30523218,ROSE48561713,ROSE49767162,ROSE49777462,ROSE50566136,ROSE62380951,ROSE66944843,ROSE68653211,ROSE70333899,ROSE71225378,ROSE72172075,ROSE76923556,ROSE82089053,RUBY18503930,RUBY28222515,RUBY31211460,RUBY37205699,RUBY41914893,RUBY43321667,RUBY55565181,RUBY61780562,RUBY74789148,RUBY85071581,TEAL00073271,TEAL08095398,TEAL13552334,TEAL23123303,TEAL56735876,TEAL66890088,TEAL73074325,TEAL75312610,TEAL79756483,TEAL83156885",1953
06-Sep-2014,11,37,32,48,29,40,14,4,Guinevere,"AQUA62545409,AQUA66714562,AQUA71841242,AQUA78643445,AQUA85784850,AQUA96035578,AQUA96688962,BLUE09436983,BLUE26059619,BLUE27998762,BLUE35595914,BLUE37813946,BLUE49256902,BLUE65366370,BLUE67842319,BLUE72681703,BLUE80978779,BLUE81036160,BLUE81475088,BLUE92593971,GOLD08634411,GOLD34441965,GOLD58807877,GOLD60934035,GOLD61272038,GOLD86837769,GOLD93174020,GREY21294564,GREY30304557,GREY38215388,GREY49835827,GREY66230934,GREY83176939,GREY90180410,GREY98915392,JADE02635262,JADE03068335,JADE08384973,JADE08592350,JADE27402315,JADE39550071,JADE83675182,JADE96151405,LIME05686114,LIME08120091,LIME11114874,LIME20590416,LIME26511857,LIME97590446,NAVY43630231,NAVY54477104,NAVY73153846,NAVY85079298,NAVY94986327,PINK30171984,PINK49237227,PINK50080765,PINK63951326,PINK91840730,PLUM03297991,PLUM04035764,PLUM04704725,PLUM07677062,PLUM12278440,PLUM21069860,PLUM41104381,PLUM68379138,PLUM96798361,ROSE06153096,ROSE45329228,ROSE45820465,ROSE48484874,ROSE60275602,ROSE69464788,ROSE83181426,ROSE88437590,RUBY04770661,RUBY07008923,RUBY11540008,RUBY15234989,RUBY17357657,RUBY21489315,RUBY25171443,RUBY42943477,RUBY46444977,RUBY47972133,RUBY65577391,RUBY91453722,RUBY98402032,TEAL01818704,TEAL03300663,TEAL08269336,TEAL18281021,TEAL24708668,TEAL36346669,TEAL39698765,TEAL60517475,TEAL82546119,TEAL82951947,TEAL94811872",1952
03-Sep-2014,35,22,27,23,12,34,25,3,Guinevere,"BLUE39802190,BLUE50143339,GOLD08406003,GOLD16932800,GOLD24547489,GOLD35252381,GOLD50054856,GOLD59774818,GOLD96320538,GREY07043478,GREY08144900,GREY33709535,GREY73871067,JADE23275585,JADE43393638,JADE52749017,JADE58617664,JADE60416059,LIME15405047,LIME82158857,NAVY38841007,NAVY60333283,NAVY64483163,NAVY77032937,NAVY79977653,PINK07014292,PINK16214095,PINK23144391,PINK37398147,PINK56298069,PINK57311296,PINK78512371,PLUM19091694,PLUM92506674,ROSE24527987,ROSE71442325,ROSE80227858,ROSE95492090,RUBY43879505,RUBY48251258,RUBY49078353,RUBY73819723,RUBY78842503,TEAL02552898,TEAL25931247,TEAL43791157,TEAL44059309,TEAL59728153,TEAL65341211,TEAL80488766",1951
30-Aug-2014,1,20,35,46,19,30,40,4,Guinevere,"AQUA19097444,AQUA43188766,AQUA49556282,AQUA51389151,AQUA57267110,BLUE12811521,BLUE15966728,BLUE22050447,BLUE30668610,BLUE73044115,BLUE73300464,BLUE80482304,BLUE93153784,GOLD00161137,GOLD22108697,GOLD29277918,GOLD43598673,GOLD46324988,GOLD67890548,GOLD84569816,GOLD84676194,GOLD88803759,GOLD95419137,GOLD96086800,GREY06961156,GREY08442293,GREY16032655,GREY30684409,GREY54652326,GREY55701122,GREY65301329,GREY70148591,GREY80017299,GREY81222215,GREY84418394,GREY85619490,JADE01686567,JADE05822928,JADE06861999,JADE15881848,JADE17369266,JADE35920571,JADE38270975,JADE42055360,JADE79430857,JADE81692517,JADE96495067,LIME05417256,LIME12865614,LIME33646188,LIME39131624,LIME56726052,LIME63478247,LIME66542173,LIME98590283,NAVY20973719,NAVY27680115,NAVY43131279,NAVY46986651,NAVY53421315,NAVY70549204,NAVY83571999,NAVY84387237,NAVY96018644,PINK15368762,PINK54486753,PINK60236964,PINK65974839,PINK73038697,PINK90223331,PINK94918180,PLUM38968896,PLUM57465435,PLUM82143049,PLUM88298480,PLUM95550327,PLUM95844167,ROSE02190410,ROSE16399100,ROSE20203206,ROSE20719140,ROSE25141330,ROSE55622873,ROSE73694960,ROSE76147057,ROSE79022565,ROSE81239750,ROSE97542225,ROSE99218101,RUBY05984174,RUBY12915845,RUBY15464153,RUBY19211490,RUBY19692732,RUBY29814735,RUBY47741632,TEAL20944988,TEAL36552409,TEAL45349523,TEAL92322655",1950
27-Aug-2014,17,29,5,49,37,36,2,1,Guinevere,"AQUA14412284,AQUA17684548,AQUA38166940,AQUA41106266,AQUA56534754,AQUA59433167,AQUA73136430,AQUA79693748,BLUE65842529,GOLD49999881,GOLD70908324,GOLD75621264,GOLD96660290,GREY02920032,GREY36201055,GREY40954343,GREY94337781,JADE02258267,JADE03175652,JADE16279348,LIME18973679,LIME31063211,LIME49907990,LIME50900368,LIME79900875,NAVY29980280,NAVY69702378,PINK06163493,PINK14715153,PINK54698668,PINK60576772,PINK61171562,PINK65118737,PLUM05383807,PLUM52833127,PLUM63437088,PLUM81953131,PLUM89663668,PLUM99348978,ROSE06742126,ROSE10733944,ROSE33303631,ROSE58047621,ROSE93899783,RUBY36413676,TEAL11124291,TEAL51090382,TEAL66185566,TEAL76045468,TEAL90950768",1949
23-Aug-2014,11,42,38,7,1,41,45,2,Guinevere,"AQUA20313929,AQUA23623876,AQUA26347877,AQUA31785143,AQUA35516722,AQUA42479085,AQUA44340253,AQUA54785041,AQUA55907814,AQUA60854139,AQUA63941035,AQUA69335216,AQUA70305518,AQUA75728609,AQUA89099662,BLUE12519269,BLUE16191754,BLUE16911758,BLUE40507787,BLUE45402755,BLUE46456268,BLUE48696865,BLUE49625374,BLUE63951102,BLUE70306107,BLUE70859960,BLUE93206066,BLUE97965454,GOLD00685134,GOLD02421086,GOLD16814864,GOLD17457337,GOLD31725865,GOLD40662199,GOLD41349598,GOLD63203280,GOLD69399366,GOLD93485959,GREY03548081,GREY04516517,GREY08049478,GREY25609069,GREY39320244,GREY59950874,GREY72324904,GREY74258085,GREY89362188,GREY94924874,GREY98524801,JADE09646903,JADE10588146,JADE26310186,JADE29709683,JADE51275216,JADE63063846,JADE63132872,JADE80799419,JADE83504289,JADE86858840,JADE93934534,JADE94598252,LIME05144893,LIME34894511,LIME47665874,LIME49827074,LIME56015659,LIME72852273,LIME77438228,LIME79355059,LIME80155758,LIME82069878,LIME86307574,LIME91448574,NAVY10238768,NAVY10622860,NAVY17819890,NAVY24373427,NAVY28234698,NAVY28993387,NAVY40136020,NAVY44674957,NAVY50055756,NAVY52708036,NAVY56032058,NAVY65254747,NAVY72550336,NAVY89288816,NAVY98311170,PINK00249105,PINK04200182,PINK09587379,PINK28472921,PINK36009093,PINK38875991,PINK78374750,PINK84698358,PINK88089058,PINK96026731,PINK99123431,PLUM05864235,PLUM10483935,PLUM33023832,PLUM35619477,PLUM36606400,PLUM37151571,PLUM38630789,PLUM39049080,PLUM39324678,PLUM54497234,PLUM58319614,PLUM81636753,ROSE10236996,ROSE15188974,ROSE29577208,ROSE39190871,ROSE40089757,ROSE42030269,ROSE48374188,RUBY01443336,RUBY06766161,RUBY23037474,RUBY26839332,RUBY35770029,RUBY38450147,RUBY41395102,RUBY66693806,RUBY71777020,RUBY93394706,TEAL04031444,TEAL11594725,TEAL12553015,TEAL12633557,TEAL13227507,TEAL17205621,TEAL18686661,TEAL34572773,TEAL35903915,TEAL39265840,TEAL47086297,TEAL59250800,TEAL67182407,TEAL76372454,TEAL77326382,TEAL80703778,TEAL84543206,TEAL85948489,TEAL90533339,TEAL92159808,TEAL95887506,TEAL99911933",1948
20-Aug-2014,12,24,35,47,15,6,22,4,Lancelot,"AQUA02696577,AQUA19502521,AQUA34966380,AQUA44329585,AQUA52737365,AQUA63290556,AQUA71103379,BLUE01479039,BLUE03983421,BLUE46683082,BLUE49782560,BLUE53452035,BLUE53471274,BLUE55284532,BLUE56107639,BLUE79079694,BLUE83376334,BLUE83595274,BLUE88678744,BLUE95952613,BLUE96024331,GOLD03301408,GOLD20791130,GOLD41794813,GOLD69830649,GOLD73503775,GOLD83754948,GREY02218617,GREY03240579,GREY09917380,GREY17400703,GREY41724752,GREY42745003,GREY60725937,GREY72513095,GREY88190729,GREY91661381,JADE05465018,JADE07298643,JADE13545642,JADE23151965,JADE28944507,JADE42349905,JADE81338497,JADE98460759,LIME23001272,LIME25339998,LIME40188750,LIME50731555,LIME57859839,LIME77443520,LIME78397121,LIME88446161,LIME90926985,NAVY02842227,NAVY12836563,NAVY29531971,NAVY47981242,NAVY79910314,NAVY89796610,PINK01683049,PINK02198675,PINK02216229,PINK17605645,PINK19211910,PINK29522914,PINK41808286,PINK68099499,PINK70638864,PINK96287438,PLUM17563265,PLUM28399987,PLUM40441453,PLUM49602713,PLUM50633435,PLUM71363535,PLUM83494233,ROSE06689403,ROSE18007394,ROSE20494526,ROSE55576857,ROSE63628084,ROSE75574776,RUBY01665260,RUBY25798311,RUBY59376583,RUBY63229835,RUBY88194973,RUBY98226629,TEAL02460680,TEAL09334872,TEAL31838996,TEAL34976690,TEAL35966932,TEAL36819056,TEAL55037110,TEAL57334702,TEAL77986751,TEAL82826460,TEAL98509758",1947
16-Aug-2014,3,36,1,25,33,42,14,1,Guinevere,"AQUA00650730,AQUA25441326,AQUA65743060,AQUA69975665,AQUA73333712,AQUA88742820,BLUE08905329,BLUE20771776,GOLD15585751,GOLD45324107,GOLD79075107,GREY26997664,JADE07453517,JADE11362554,JADE11556110,JADE80562147,JADE97483402,LIME04324441,LIME10316779,LIME14978147,LIME17411487,LIME48376235,LIME62175186,NAVY15514611,NAVY31822762,NAVY42516530,NAVY60518228,PINK14143385,PINK17109983,PINK48784034,PINK63639396,PLUM09913014,PLUM31552010,PLUM31571490,PLUM37018293,PLUM53982311,PLUM62067325,PLUM74163980,PLUM74519345,PLUM83894591,ROSE37564138,ROSE42225341,ROSE60869775,ROSE61161360,RUBY05638426,RUBY13005238,RUBY17839470,RUBY51504021,RUBY75348525,TEAL07266179",1946
13-Aug-2014,11,5,23,9,30,20,45,3,Lancelot,"AQUA20769780,AQUA47710885,AQUA48995141,AQUA60075986,AQUA64796062,BLUE26953195,BLUE67704258,GOLD15823547,GOLD33367643,GOLD33625730,GOLD42539981,GOLD53189511,GREY92548274,JADE41495429,JADE49386373,JADE55523392,JADE91101603,JADE99551418,JADE99733974,LIME07010146,LIME49630454,LIME67903586,LIME95521575,NAVY64721890,NAVY73918121,NAVY84504346,PINK08509893,PINK35785985,PINK85248547,PLUM04675698,PLUM08854931,PLUM14529572,PLUM41473709,PLUM75422643,PLUM95778221,ROSE20332505,ROSE21200565,ROSE26434542,ROSE68828759,RUBY12262646,RUBY44951009,RUBY67005269,RUBY71072482,RUBY83402390,RUBY95229039,RUBY95268965,RUBY97053304,TEAL31524879,TEAL51025114,TEAL69047751",1945
09-Aug-2014,45,47,40,43,36,16,10,4,Lancelot,"AQUA09333631,AQUA11478627,AQUA20730336,AQUA20938169,AQUA29513762,AQUA32842321,AQUA56400722,AQUA75194015,AQUA78504300,BLUE13323611,BLUE17744192,BLUE42817618,BLUE45593236,BLUE49066108,BLUE63956407,GOLD03686025,GOLD19765889,GOLD20161173,GOLD29998267,GOLD42500933,GOLD46745705,GOLD53577750,GOLD56669674,GOLD79376852,GOLD87292244,GREY14906425,GREY15170621,GREY19569607,GREY48379023,GREY51875767,GREY71206402,GREY77510081,JADE05899928,JADE13380855,JADE21463622,JADE25468620,JADE48598560,JADE65390890,JADE77890417,JADE90862210,LIME13596972,LIME46901373,LIME57296172,LIME93622855,NAVY04507622,NAVY16926033,NAVY25067969,NAVY26601378,NAVY33974822,NAVY38613602,NAVY49127270,NAVY56770048,NAVY61725142,NAVY63181548,NAVY68161139,NAVY69941221,NAVY77250319,NAVY88033547,PINK17890201,PINK18908326,PINK40877074,PINK51683474,PINK73773410,PINK80110279,PINK80241612,PINK94803621,PLUM04140767,PLUM13450183,PLUM43123059,PLUM45071501,PLUM85251869,PLUM98844870,ROSE06003061,ROSE09842710,ROSE18786528,ROSE32955226,ROSE35116686,ROSE47536937,ROSE49964056,ROSE62577272,ROSE63859031,ROSE64479560,ROSE65862484,ROSE67522847,ROSE85502884,ROSE86930075,RUBY11269774,RUBY25014928,RUBY36652989,RUBY71350276,TEAL38558834,TEAL39912249,TEAL41667207,TEAL42268317,TEAL68901857,TEAL80443453,TEAL93303614,TEAL97150878,TEAL97340108,TEAL97523544",1944
06-Aug-2014,17,35,21,29,33,46,28,2,Guinevere,"AQUA24202762,AQUA26173512,AQUA27033484,AQUA28037794,AQUA43663840,AQUA55259493,AQUA82894292,BLUE40968504,BLUE46159070,BLUE65730809,BLUE79652422,GOLD59029579,GREY30997195,GREY66645317,GREY91925323,GREY96182600,JADE08847078,JADE44228730,JADE50717435,JADE64924325,JADE85713752,LIME17208187,LIME53829643,LIME61673723,LIME73972953,LIME99042942,NAVY12510441,NAVY19400122,NAVY22564360,PINK06456553,PLUM31242431,PLUM34495478,PLUM46555129,PLUM67031297,PLUM78706689,PLUM81608163,PLUM90682465,ROSE07420623,ROSE99572585,RUBY44308101,RUBY82112293,TEAL03505461,TEAL14878423,TEAL36423654,TEAL50385173,TEAL54576043,TEAL67243641,TEAL70090027,TEAL70417918,TEAL94352367",1943
02-Aug-2014,13,28,37,23,45,42,25,3,Guinevere,"AQUA06134568,AQUA10661273,AQUA34649367,AQUA55067954,AQUA58606876,AQUA84638196,AQUA95898035,BLUE44268285,BLUE45000555,BLUE45927628,BLUE53529760,BLUE54819774,BLUE71265832,BLUE95055903,GOLD23470513,GOLD31117086,GREY05309759,GREY29749588,GREY31107446,GREY49214730,JADE14448391,JADE31545637,JADE45528525,JADE47130147,JADE55017192,JADE60559730,JADE67135533,LIME08547683,LIME24448547,LIME46283224,LIME75923303,NAVY29056214,NAVY70396283,NAVY89300681,NAVY93775134,PINK58116151,PINK82791509,PINK90215177,PLUM52685580,PLUM91545063,ROSE27811441,ROSE40212020,ROSE44840441,ROSE98792996,RUBY30037651,RUBY47867430,RUBY64804383,TEAL31158353,TEAL66780539,TEAL78564239",1942
30-Jul-2014,22,11,42,2,24,5,1,1,Lancelot,"AQUA08104352,AQUA31598283,AQUA89431715,AQUA95371678,BLUE14717738,BLUE64881864,BLUE66026756,BLUE74580431,BLUE74591265,BLUE92610315,GOLD23865597,GOLD33870141,GOLD44167109,GOLD84275071,GOLD97473339,GREY06780668,GREY10413963,JADE00561853,JADE36262632,JADE42523543,JADE59611045,JADE76418892,LIME40999973,LIME43461134,LIME74238121,LIME77920449,LIME86941786,LIME98043078,LIME99303201,NAVY15053775,NAVY15294623,NAVY52583581,NAVY81104560,PINK34153061,PINK40708917,PINK94837312,PLUM10031649,PLUM15048418,PLUM17798326,PLUM29834500,PLUM36239160,PLUM45686587,ROSE02967507,ROSE11126108,RUBY21524048,RUBY33167886,RUBY66941851,RUBY71909008,RUBY77663128,RUBY92694403",1941
26-Jul-2014,8,37,26,35,14,22,11,4,Lancelot,"AQUA19142042,AQUA20185067,AQUA37035214,AQUA58990875,AQUA65566065,BLUE04173434,BLUE29075769,BLUE36702955,BLUE47740420,GOLD17925983,GOLD65585889,GREY19402730,GREY58655603,GREY81455202,GREY97893043,JADE33271759,JADE63644760,JADE94818995,LIME06516244,LIME16202716,LIME41662580,LIME65741021,NAVY79013750,NAVY85521472,NAVY98506053,PINK07716954,PINK40832364,PINK65701841,PINK66805408,PINK70326915,PINK75912369,PLUM36735081,PLUM48186913,PLUM51289861,PLUM60535604,PLUM74040163,ROSE58179233,ROSE62376465,ROSE62861468,ROSE91499402,RUBY00061036,RUBY16521674,RUBY70078496,RUBY98846225,TEAL21670706,TEAL27196049,TEAL29787004,TEAL79846674,TEAL84483013,TEAL88321783",1940
23-Jul-2014,43,30,47,20,14,18,35,2,Guinevere,"AQUA63797055,AQUA72700068,AQUA76714794,BLUE43393856,BLUE46095358,BLUE68219039,BLUE83432266,GOLD02942312,GOLD09878028,GOLD14192836,GOLD54917163,GOLD67089780,GOLD67594024,GOLD69753150,GOLD74756425,GOLD96660572,GREY03090776,GREY08060395,GREY83165658,GREY95495108,JADE37652654,JADE63838734,LIME04384314,LIME05515597,LIME24198521,LIME28021591,LIME94967450,NAVY27129813,NAVY30826827,NAVY66746596,PINK84483736,PLUM00039353,PLUM19651087,PLUM21524008,PLUM74369019,PLUM83842431,PLUM87263638,PLUM99763173,ROSE06479550,ROSE17045951,ROSE35714463,ROSE56030014,ROSE71828170,ROSE94603907,RUBY24644567,RUBY52452933,RUBY56423358,RUBY59005709,TEAL49742482,TEAL55786801",1939
19-Jul-2014,5,25,38,34,14,9,40,1,Guinevere,"AQUA28127894,AQUA31271235,AQUA40095370,AQUA53383686,AQUA84251850,AQUA96721389,BLUE05085784,BLUE18395500,BLUE28653055,BLUE61223955,GOLD21949591,GOLD55699342,GOLD71021455,GOLD91544932,GOLD91608780,GREY10636637,GREY61616623,JADE50142267,JADE67747012,JADE76987431,JADE84932179,LIME18173456,LIME32726189,LIME51044194,LIME79583855,LIME79654330,LIME85547237,NAVY39674672,NAVY64085742,PINK08846092,PINK34996660,PINK57445972,PINK70512214,PLUM68166718,PLUM80957285,PLUM81483981,ROSE31580735,ROSE42210345,ROSE88529174,RUBY10147606,RUBY23578184,RUBY41337432,RUBY48424399,RUBY59985022,TEAL09482964,TEAL22109146,TEAL40812669,TEAL40947778,TEAL54813500,TEAL69205854",1938
16-Jul-2014,11,47,22,27,49,4,33,3,Guinevere,"AQUA00745614,AQUA54931609,AQUA69732649,BLUE04008222,BLUE05797677,BLUE63427872,GOLD04109626,GOLD20313726,GOLD55567691,GOLD77212893,GREY18110052,GREY18337583,GREY33203996,GREY99074113,JADE44562109,JADE81794653,LIME00018358,LIME55395473,NAVY33157582,NAVY60947953,NAVY81927203,PINK44686827,PINK62039938,PINK64345581,PLUM53499061,PLUM68103678,PLUM69948036,PLUM79888435,PLUM87047619,ROSE12482225,ROSE80045295,ROSE80379664,ROSE95708360,RUBY04301069,RUBY08466747,RUBY31186265,RUBY35330663,RUBY54735482,RUBY58190578,RUBY64707961,RUBY73924838,RUBY80828703,RUBY81052602,RUBY82923263,RUBY98889406,TEAL19492904,TEAL32679382,TEAL43298421,TEAL71528476,TEAL79092732",1937
12-Jul-2014,23,43,3,28,19,37,34,3,Guinevere,"AQUA14906950,AQUA19217970,AQUA23776123,AQUA80858952,AQUA86819180,AQUA87499675,BLUE56200985,BLUE59730733,BLUE86004969,BLUE90020081,GOLD05987876,GOLD15048535,GOLD78067455,GOLD80273229,GOLD92474390,GREY23834387,GREY30017022,GREY42009421,GREY52893026,GREY69694566,GREY82461035,JADE09597519,JADE91963686,LIME13191562,LIME35014493,LIME36374285,LIME44228791,NAVY05154880,NAVY12463345,NAVY57341265,PINK04463290,PINK34446552,PINK44862779,PINK84515387,PINK88300779,PLUM02551540,PLUM38614753,ROSE33751249,ROSE35650271,ROSE66888269,RUBY04623627,RUBY09377660,RUBY33186029,RUBY34734091,RUBY51052654,RUBY93994175,TEAL16587164,TEAL28915966,TEAL53610186,TEAL85287133",1936
09-Jul-2014,43,12,3,8,39,11,18,4,Lancelot,"AQUA10169780,AQUA10525667,AQUA18389106,AQUA22287220,AQUA93317370,BLUE03984961,BLUE18180092,BLUE22571049,BLUE27770778,BLUE38045212,BLUE44950807,BLUE52871467,GOLD05499264,GOLD85364541,GOLD90787260,GOLD91437553,GOLD93292877,GOLD94534066,GREY07537895,GREY16377671,GREY18587647,GREY26685801,GREY28396838,GREY37202095,GREY44531697,GREY52032939,GREY60748766,GREY63972564,GREY64816987,GREY75298031,JADE14310587,JADE35779459,JADE36840471,JADE39620764,JADE49955792,JADE61380294,JADE64234880,JADE73312011,JADE87594236,LIME10559789,LIME29387820,LIME30674075,LIME37716848,LIME41744834,LIME44511221,LIME48368913,LIME58739630,LIME71029718,LIME85531608,LIME89677525,NAVY04135692,NAVY09634768,NAVY13637680,NAVY34863109,NAVY45526502,NAVY62069690,NAVY62556377,NAVY78923183,NAVY84644060,PINK02302184,PINK16009929,PINK18912271,PINK29781459,PINK61489770,PINK82402003,PINK88675914,PLUM04528248,PLUM09326166,PLUM12411257,PLUM13346397,PLUM22452467,PLUM34146859,PLUM66042806,PLUM86549937,PLUM91455037,PLUM92475275,PLUM93117346,ROSE17465252,ROSE33858120,ROSE43951110,ROSE48492681,ROSE60740287,ROSE62927561,ROSE78323122,ROSE97542726,RUBY15840500,RUBY21004331,RUBY42704146,RUBY65030742,RUBY66933038,RUBY67096843,RUBY74602709,RUBY88934844,RUBY97205155,TEAL02909436,TEAL18968861,TEAL75783413,TEAL78432578,TEAL80650242,TEAL96271047",1935
05-Jul-2014,15,34,8,23,28,24,9,2,Guinevere,"AQUA12873613,AQUA56568172,AQUA77170449,BLUE49548795,BLUE98003138,GOLD11776543,GOLD15321415,GOLD23766250,GOLD90377940,GOLD90879464,GOLD94601479,GREY25516890,GREY46485837,GREY66032269,JADE19168277,JADE36719179,JADE53621226,JADE63316829,JADE63492181,JADE84604291,LIME15741580,LIME33924831,LIME66690427,LIME84345092,NAVY42487334,NAVY51050993,NAVY53254440,NAVY79546774,NAVY87114712,NAVY98863593,PINK21381964,PINK45921245,PINK61044607,PINK63362029,PINK70378376,PINK82215867,PLUM19609907,PLUM72107996,PLUM89953362,ROSE32327045,RUBY04168262,RUBY15317436,RUBY24131502,RUBY61254952,RUBY77183378,TEAL37922599,TEAL69810123,TEAL87144969,TEAL91013750,TEAL95534372",1934
02-Jul-2014,43,18,48,1,38,20,42,2,Guinevere,"AQUA10080946,AQUA60393880,AQUA68805721,AQUA92012602,AQUA98031784,BLUE44989969,BLUE72690852,BLUE90137226,GOLD62531379,GOLD69234683,GOLD81672955,GOLD94304002,GREY79335413,GREY92712370,GREY98084283,JADE12050862,JADE14822324,JADE18494685,JADE25633089,JADE49216081,JADE63141172,JADE69326683,JADE77704255,JADE89539955,LIME20942767,LIME36098418,NAVY26787989,NAVY45300486,NAVY51481829,NAVY56464620,NAVY68203340,PINK00167811,PINK17870338,PINK41971014,PINK43286477,PINK51579483,PINK85703637,PINK97390644,PLUM41899992,PLUM77680357,PLUM97010783,PLUM99313478,ROSE39861535,ROSE45225260,ROSE94599062,RUBY19252855,RUBY51499320,TEAL12727074,TEAL18031678,TEAL32323137",1933
28-Jun-2014,30,43,49,12,28,8,42,3,Lancelot,"AQUA05364514,AQUA43230651,AQUA49969876,AQUA51303410,AQUA52882484,AQUA98517420,BLUE18203457,BLUE45761343,BLUE46224201,BLUE59716014,BLUE65796046,BLUE86194620,GOLD12996296,GOLD33861096,GOLD56578617,GOLD91235130,GOLD96107013,GOLD98762484,GREY07080843,GREY18409564,GREY27478810,GREY34899785,GREY40931322,GREY50893034,GREY64789307,GREY69488585,GREY75345375,GREY82845543,GREY95827847,JADE05071760,JADE05607786,JADE20808941,JADE35003825,JADE37868285,JADE59926718,JADE65899748,JADE85568840,JADE87401701,JADE99324762,LIME03023842,LIME22442741,LIME30753406,LIME48235143,LIME55709133,LIME59336150,LIME70436119,LIME71700004,LIME75226667,LIME84222465,LIME89684217,NAVY02364462,NAVY24986681,NAVY35239616,NAVY45358314,NAVY67397875,NAVY68961652,NAVY70146385,NAVY79178000,NAVY80660789,PINK07427640,PINK13850870,PINK28186332,PINK29669286,PINK37024418,PINK46109629,PINK80796338,PINK85495918,PINK96144284,PINK99497506,PLUM05677992,PLUM24707923,PLUM32997040,PLUM57019699,PLUM75397409,PLUM77038340,PLUM82757993,PLUM99324249,PLUM99625507,ROSE08833416,ROSE20446277,ROSE24884611,ROSE36207912,ROSE45033312,ROSE45269321,ROSE65743085,ROSE81300589,RUBY27532868,RUBY33667147,RUBY38623171,RUBY39820427,RUBY44134372,RUBY52285755,RUBY58939981,RUBY80628421,TEAL14593929,TEAL26631339,TEAL31649690,TEAL67253942,TEAL76632089,TEAL82076696",1932
25-Jun-2014,34,5,19,25,15,36,40,1,Guinevere,"AQUA02432583,AQUA28878140,AQUA45334718,AQUA51641124,AQUA58477492,AQUA79101651,AQUA95694580,AQUA95738504,BLUE10947436,BLUE48057050,BLUE82279526,GOLD11214911,GOLD25461575,GOLD38056574,GOLD60509559,GOLD61863326,GOLD62618992,GREY21746814,GREY46664730,JADE02472803,JADE20918003,JADE75674791,JADE94662366,LIME17253221,LIME30321744,NAVY23749540,NAVY60084837,NAVY76571318,NAVY81174586,PINK21726871,PINK33228536,PLUM06352914,PLUM15009429,PLUM24664685,PLUM50492434,PLUM60346818,ROSE08152130,ROSE21046592,ROSE59386857,ROSE61766536,ROSE84459856,RUBY39080643,RUBY94873183,RUBY98716697,TEAL29840482,TEAL47153036,TEAL49305322,TEAL65430730,TEAL73093316,TEAL83604608",1931
21-Jun-2014,17,3,13,27,40,7,19,4,Guinevere,"AQUA03330018,AQUA14537533,AQUA26527894,AQUA33960440,AQUA42989070,AQUA43461515,AQUA68024352,BLUE02148703,BLUE19881038,BLUE22804454,BLUE24596752,BLUE31050030,BLUE31466066,BLUE39816497,BLUE44370963,BLUE67324640,BLUE89824019,GOLD00397380,GOLD15660301,GOLD18812345,GOLD20464946,GOLD23609974,GOLD28037530,GOLD29243168,GOLD58094055,GOLD67110162,GREY09867692,GREY15357876,GREY18273579,GREY30473099,GREY71740012,GREY73582903,GREY81957207,GREY86998455,JADE06802681,JADE26861147,JADE40505446,JADE42684703,JADE70129567,JADE74263726,JADE78493451,JADE88534462,JADE88819625,LIME04642150,LIME13149889,LIME14035571,LIME17841609,LIME26335219,LIME26696522,LIME31889838,LIME35106274,LIME46734311,LIME64136274,LIME64874374,LIME93659052,LIME99336414,NAVY14857239,NAVY20393330,NAVY26618482,NAVY41700353,NAVY44658754,NAVY76505169,PINK11536338,PINK52116162,PINK60225355,PINK86634727,PLUM11254974,PLUM14392057,PLUM40246468,PLUM42417581,PLUM48284354,PLUM48695401,PLUM48943692,PLUM78761771,PLUM80811123,PLUM83194912,ROSE03212785,ROSE20792763,ROSE40637465,ROSE45993123,ROSE49769760,ROSE57128443,ROSE75963167,ROSE78284768,ROSE80393125,ROSE86036846,RUBY17111552,RUBY23177282,RUBY47270143,RUBY48688422,RUBY56808398,RUBY95445119,TEAL14007367,TEAL15356426,TEAL19141940,TEAL22302418,TEAL34063904,TEAL46605033,TEAL78393025,TEAL84821587",1930
18-Jun-2014,26,10,11,18,23,37,6,2,Lancelot,"AQUA08767870,AQUA13682614,AQUA19840505,AQUA27065171,AQUA31136589,AQUA60548034,AQUA60549962,AQUA62521543,AQUA62930308,AQUA65458542,AQUA92238232,BLUE10322078,BLUE66505504,GOLD05239814,GOLD71245565,GREY57338922,GREY79611596,GREY88065571,JADE04593539,JADE39722666,JADE44161543,JADE91631828,LIME75753305,LIME91418171,LIME94346118,NAVY03859185,NAVY17081836,NAVY66043660,NAVY79533533,NAVY93820423,PINK37653129,PINK84440884,PINK87985080,PLUM11400402,PLUM18781847,PLUM41223436,PLUM48303996,PLUM50439279,PLUM61716141,PLUM76802843,ROSE18967702,ROSE50963708,ROSE71904116,RUBY21294406,RUBY34334940,RUBY81393841,RUBY91338142,TEAL59771350,TEAL76960149,TEAL89038806",1929
14-Jun-2014,23,18,22,29,33,9,15,1,Lancelot,"AQUA10664000,AQUA31201189,AQUA69442719,AQUA81117406,AQUA88608882,AQUA95139037,BLUE10154403,BLUE35065248,BLUE35893458,BLUE97437809,GOLD01446809,GOLD28486297,GOLD67391319,GOLD85995788,GREY26293317,GREY41027935,GREY74838905,GREY78343919,GREY91233316,LIME36470353,LIME38505732,LIME55338174,LIME87707988,LIME89089380,LIME98767723,NAVY34563192,NAVY42916139,NAVY45801332,NAVY51379952,NAVY62258708,NAVY97514766,NAVY99443902,PINK09108311,PINK54125932,PINK60397985,PINK61101283,PINK63739176,PINK99486599,PLUM17796793,PLUM36051898,PLUM42567058,PLUM55794404,ROSE17225138,RUBY59360063,RUBY99817004,TEAL05075410,TEAL52053840,TEAL64805926,TEAL79066955,TEAL90510708",1928
11-Jun-2014,13,40,14,11,28,42,48,3,Guinevere,"AQUA02854153,AQUA22011666,AQUA32591502,AQUA77269611,AQUA81307324,BLUE58243225,BLUE63281487,GOLD12141625,GOLD20482376,GOLD56371269,GOLD60196910,GOLD83753008,GOLD89366992,GOLD90256553,GOLD91231329,GREY15659102,GREY27470081,GREY91367578,JADE28348047,LIME16132773,LIME64378329,LIME83077505,NAVY08904467,NAVY17068208,NAVY21086131,NAVY35678821,PINK07298044,PINK30120271,PINK41931776,PINK59222005,PINK65007576,PINK77903265,PINK86458407,PLUM02279040,PLUM43282120,PLUM51114259,PLUM55605520,PLUM73472338,PLUM97524175,ROSE10790974,ROSE35449743,ROSE61111643,ROSE81756994,ROSE95896691,RUBY53634528,RUBY62906226,TEAL10110907,TEAL34611113,TEAL53963253,TEAL70769063",1927
07-Jun-2014,16,44,23,5,10,31,37,1,Lancelot,"AQUA47729131,AQUA71985121,AQUA82443724,AQUA88389897,BLUE24108875,BLUE91351420,GOLD09725255,GOLD14689001,GOLD17783232,GOLD46541405,GOLD95855487,GREY01821212,GREY03392718,GREY13735075,GREY20420602,GREY21454903,GREY29665824,GREY30931424,GREY35371527,GREY52046474,GREY62098696,GREY62963730,GREY92043930,GREY98694258,JADE08624495,JADE11039411,JADE15214506,JADE22965179,JADE26345462,JADE42422899,JADE90642857,LIME00112623,LIME27253530,LIME32036320,LIME46667763,LIME55287177,LIME63702127,LIME79251112,LIME85521375,LIME92005677,LIME99510051,NAVY02461816,NAVY10561382,NAVY12053485,NAVY34237300,NAVY36264677,NAVY40315197,NAVY58578242,NAVY64488074,NAVY65162160,NAVY77984736,NAVY88616786,NAVY89200375,NAVY91616280,NAVY96054920,PINK24051706,PINK45645553,PINK53354749,PINK54653129,PINK65193645,PINK66611637,PINK79247339,PINK87058297,PLUM00487112,PLUM13885864,PLUM16121558,PLUM16719185,PLUM26653294,PLUM66455899,PLUM76614140,PLUM77270808,PLUM80282561,PLUM93127136,ROSE17608638,ROSE21086810,ROSE29709136,ROSE44808493,ROSE67049950,ROSE88866076,ROSE93740671,ROSE95272810,RUBY00545423,RUBY12008101,RUBY25332159,RUBY31373862,RUBY32057925,RUBY46095793,RUBY53241184,RUBY56134040,RUBY63932046,RUBY79351329,RUBY86761463,RUBY90027138,TEAL29472858,TEAL36399568,TEAL41731539,TEAL53209491,TEAL59382226,TEAL71705695,TEAL86155272",1926